{
  "intents": [
    {
      "tag": "greeting",
      "patterns": ["Hi", "Hello", "Hey"],
      "responses": ["Hello!", "Hi there!"]
    },
    {
      "tag": "goodbye",
      "patterns": ["Bye", "See you"],
      "responses": ["Goodbye!", "See you later!"]
    },
    {
      "tag": "thanks",
      "patterns": ["Thanks", "Thank you"],
      "responses": ["You're welcome!"]
    },
    {
      "tag": "company",
      "patterns": ["AI company in", "Companies in Nepal", "Is there an AI company in Nepal?"],
      "responses": [
        "Fusemachines and Next AI are leading AI companies in Nepal.",
        "Yes, there are AI companies in Nepal such as Fusemachines, Next AI, and Code Himalaya."
      ]
    },
    {
      "tag": "friends",
      "patterns": ["Tell my 5 best friends' names", "Best friend?", "What is friends?"],
      "responses": [
        "Deepak, Basant, Rajesh, and Mohan",
        "Your best friend could be anyone who supports and understands you.",
        "Nabin",
        "Yourself",
        "A friend is someone who shares your joys and supports you through struggles."
      ]
    },
    {
      "tag": "Fusemachines",
      "patterns": ["What does Fusemachines do?", "Tell me about Fusemachines", "Fusemachines company in Nepal"],
      "responses": [
        "Fusemachines is a pioneering AI company that provides AI-powered solutions, education, and enterprise products. With its expertise in machine learning and automation, it is shaping Nepal's AI future."
      ]
    },
    {
      "tag": "AI Nepal",
      "patterns": [
        "The next big AI company in Nepal could focus on generative AI, NLP, robotics.",
        "Future of AI in Nepal?",
        "AI startup potential in Nepal"
      ],
      "responses": [
        "Nepal's AI industry is growing, and the next major AI company will likely focus on cutting-edge fields like generative AI, NLP, and robotics to create groundbreaking solutions for businesses and communities."
      ]
    },
    {
      "tag": "Owner",
      "patterns": ["Who is the owner of this chatbot?", "Who are you?", "Who made you?", "Who created you?"],
      "responses": [
        "Nabin Nepali is the owner of this chatbot.",
        "I am a chatbot made by Nabin Nepali.",
        "Mr. Nabin Nepali created me."
      ]
    },
    {
      "tag": "Nabin",
      "patterns": ["Nabin", "Owner", "God", "Father"],
      "responses": [
        "He is the owner of this Chatbot",
        "Nabin Nepali is the owner.",
        "Mr. Nabin Nepali created me.",
        "Nabin Nepali is the father of this chatbot."
      ]
    },
    {
      "tag": "WH",
      "patterns": ["Who", "What", "How", "When", "Why"],
      "responses": [
        "Could you please be more specific so I can help you better?",
        "That's a good question! Can you provide more details?",
        "Let me know exactly what you're curious about so I can give you the right answer.",
        "I'm here to help—can you complete your question?",
        "Please ask a full question starting with 'Who', 'What', 'How', 'When', or 'Why'."
      ]
    }
  ]
}
